name;lastname;age
John;Doe;30
Jane;Smith;25
Michael;Johnson;35
Emily;Brown;28
Robert;Wilson;40
Sarah;Lee;22
William;Davis;31
Olivia;Clark;29
James;Taylor;38
Ava;Martin;27
Daniel;Anderson;32
Sophia;White;26
Matthew;Harris;37
Chloe;Miller;24
David;Moore;33
Emma;Thompson;23
Liam;Wilson;36
Grace;Robinson;21
Joseph;Walker;34
Mia;Young;39
Andrew;Lewis;33
Oliver;Hall;20
Abigail;Green;30
Benjamin;Evans;31
Sofia;Hill;19
Jack;Baker;29
Elizabeth;Adams;28
Christopher;Nelson;37
Harper;Wright;18
Aiden;King;35
Amelia;Turner;27
Elijah;Scott;38
Ella;Cooper;26
Daniel;Parker;39
Avery;Ward;25
Caleb;Stewart;40
Mila;Morris;24
Owen;Watson;23
Scarlett;Harrison;22
Isaac;Morgan;21
Luna;Garcia;20
Sebastian;White;30
Hannah;Allen;29
Grayson;Carter;28
Aria;Hayes;27
Zachary;Price;26
Lily;Russell;25
Jackson;Foster;24
Victoria;Barnes;23
Ethan;Kelly;22
Penelope;Cox;21
